{
	"info": {
		"_postman_id": "903f9859-bf1b-433e-b282-c12303a1683f",
		"name": "SE Project",
		"description": "API documentation for SE Project, Jan 2025 term.",
		"schema": "https://schema.getpostman.com/json/collection/v2.1.0/collection.json",
		"_exporter_id": "32324235"
	},
	"item": [
		{
			"name": "Auth",
			"item": [
				{
					"name": "sign in",
					"event": [
						{
							"listen": "test",
							"script": {
								"exec": [
									"pm.response.headers.each((header) => {\r",
									"    if (header.key === 'Set-Cookie') {\r",
									"        const csrfAccessToken = header.value.match(/^csrf_access_token=([^;]*)/);\r",
									"        const csrfRefreshToken = header.value.match(/csrf_refresh_token=([^;]*)/);\r",
									"        \r",
									"\r",
									"        if (csrfAccessToken) {\r",
									"            pm.collectionVariables.set('csrf_access_token', csrfAccessToken[1]);\r",
									"        }\r",
									"\r",
									"        if (csrfRefreshToken) {\r",
									"            pm.collectionVariables.set('csrf_refresh_token', csrfRefreshToken[1]);\r",
									"        }\r",
									"    }\r",
									"});\r",
									"\r",
									"pm.test(\"Response status code is 200\", function () {\r",
									"  pm.response.to.have.status(200);\r",
									"});\r",
									"\r",
									"\r",
									"pm.test(\"Response time is less than 200ms\", function () {\r",
									"  pm.expect(pm.response.responseTime).to.be.below(200);\r",
									"});\r",
									"\r",
									"\r",
									"pm.test(\"Response has the required fields\", function () {\r",
									"    const responseData = pm.response.json();\r",
									"    \r",
									"    pm.expect(responseData).to.be.an('object');\r",
									"    pm.expect(responseData.message).to.exist;\r",
									"});\r",
									"\r",
									""
								],
								"type": "text/javascript",
								"packages": {}
							}
						},
						{
							"listen": "prerequest",
							"script": {
								"exec": [
									""
								],
								"type": "text/javascript",
								"packages": {}
							}
						}
					],
					"request": {
						"method": "POST",
						"header": [],
						"body": {
							"mode": "raw",
							"raw": "{\r\n    \"email\":\"admin@example.com\"\r\n}",
							"options": {
								"raw": {
									"language": "json"
								}
							}
						},
						"url": {
							"raw": "{{base_url}}/auth/signin",
							"host": [
								"{{base_url}}"
							],
							"path": [
								"auth",
								"signin"
							]
						}
					},
					"response": []
				},
				{
					"name": "sign out",
					"request": {
						"method": "DELETE",
						"header": [
							{
								"key": "X-CSRF-Token",
								"value": "{{csrf_access_token}}",
								"type": "text"
							}
						],
						"url": {
							"raw": "{{base_url}}/auth/signout",
							"host": [
								"{{base_url}}"
							],
							"path": [
								"auth",
								"signout"
							]
						}
					},
					"response": []
				},
				{
					"name": "refresh",
					"request": {
						"method": "POST",
						"header": [
							{
								"key": "X-CSRF-Token",
								"value": "{{csrf_refresh_token}}",
								"type": "text"
							},
							{
								"key": "",
								"value": "",
								"type": "text"
							}
						],
						"url": {
							"raw": "{{base_url}}/auth/refresh",
							"host": [
								"{{base_url}}"
							],
							"path": [
								"auth",
								"refresh"
							]
						}
					},
					"response": []
				}
			]
		},
		{
			"name": "User",
			"item": [
				{
					"name": "get user",
					"request": {
						"method": "GET",
						"header": [
							{
								"key": "X-CSRF-Token",
								"value": "{{csrf_access_token}}",
								"type": "text"
							}
						],
						"url": {
							"raw": "{{base_url}}/user/get",
							"host": [
								"{{base_url}}"
							],
							"path": [
								"user",
								"get"
							]
						}
					},
					"response": []
				},
				{
					"name": "create user",
					"request": {
						"method": "POST",
						"header": [],
						"body": {
							"mode": "raw",
							"raw": "{\r\n    \"email\": \"user@example.com\",\r\n    \"name\": \"John Doe\",\r\n    \"register_courses\": [\r\n        [1, \"Programming, Data Structures and Algorithms using Python\"],\r\n        [2, \"Tools in Data Science\"]\r\n    ]\r\n}",
							"options": {
								"raw": {
									"language": "json"
								}
							}
						},
						"url": {
							"raw": "{{base_url}}/user/register",
							"host": [
								"{{base_url}}"
							],
							"path": [
								"user",
								"register"
							]
						}
					},
					"response": []
				},
				{
					"name": "update user",
					"request": {
						"method": "PUT",
						"header": [
							{
								"key": "X-CSRF-Token",
								"value": "{{csrf_access_token}}",
								"type": "text"
							}
						],
						"body": {
							"mode": "raw",
							"raw": "{\r\n    \"email\": \"john_doe@example.com\",\r\n    \"name\": \"John Doe\",\r\n    \"register_courses\": [\r\n        [3, \"Programming in Python\"]\r\n    ]\r\n}\r\n",
							"options": {
								"raw": {
									"language": "json"
								}
							}
						},
						"url": {
							"raw": "{{base_url}}/user/edit",
							"host": [
								"{{base_url}}"
							],
							"path": [
								"user",
								"edit"
							]
						}
					},
					"response": []
				},
				{
					"name": "get course content",
					"request": {
						"method": "GET",
						"header": [
							{
								"key": "X-CSRF-Token",
								"value": "{{csrf_access_token}}",
								"type": "text"
							}
						],
						"url": {
							"raw": "{{base_url}}/user/courses/4",
							"host": [
								"{{base_url}}"
							],
							"path": [
								"user",
								"courses",
								"4"
							]
						}
					},
					"response": []
				}
			]
		},
		{
			"name": "Course",
			"item": [
				{
					"name": "get course",
					"request": {
						"method": "GET",
						"header": [
							{
								"key": "X-CSRF-Token",
								"value": "{{csrf_access_token}}",
								"type": "text"
							}
						],
						"url": {
							"raw": "{{base_url}}/course/2",
							"host": [
								"{{base_url}}"
							],
							"path": [
								"course",
								"2"
							]
						}
					},
					"response": []
				},
				{
					"name": "create course",
					"event": [
						{
							"listen": "test",
							"script": {
								"exec": [
									"pm.test(\"Response status code is 201\", function () {\r",
									"    pm.expect(pm.response.code).to.equal(201);\r",
									"});\r",
									"\r",
									"\r",
									"pm.test(\"Response time is less than 300ms\", function () {\r",
									"  pm.expect(pm.response.responseTime).to.be.below(300);\r",
									"});\r",
									"\r",
									"\r",
									"pm.test(\"Response has the required fields\", function () {\r",
									"    const responseData = pm.response.json();\r",
									"    \r",
									"    pm.expect(responseData).to.be.an('object');\r",
									"    pm.expect(responseData.message).to.exist;\r",
									"});\r",
									"\r",
									"\r",
									"pm.test(\"Message is a non-empty string\", function () {\r",
									"    const responseData = pm.response.json();\r",
									"    \r",
									"    pm.expect(responseData.message).to.be.a('string').and.to.have.lengthOf.at.least(1, \"Message should not be empty\");\r",
									"});\r",
									"\r",
									"\r",
									"pm.test(\"Content-Type header is application/json\", function () {\r",
									"    pm.expect(pm.response.headers.get(\"Content-Type\")).to.include(\"application/json\");\r",
									"});\r",
									""
								],
								"type": "text/javascript",
								"packages": {}
							}
						}
					],
					"request": {
						"method": "POST",
						"header": [
							{
								"key": "X-CSRF-Token",
								"value": "{{csrf_access_token}}",
								"type": "text"
							}
						],
						"body": {
							"mode": "raw",
							"raw": "{\r\n    \"name\": \"New Course 2\",\r\n    \"intro\": \"This course covers fundamental concepts in data science.\"\r\n}",
							"options": {
								"raw": {
									"language": "json"
								}
							}
						},
						"url": {
							"raw": "{{base_url}}/course/create",
							"host": [
								"{{base_url}}"
							],
							"path": [
								"course",
								"create"
							]
						}
					},
					"response": []
				},
				{
					"name": "update course",
					"request": {
						"method": "PUT",
						"header": [
							{
								"key": "X-CSRF-Token",
								"value": "{{csrf_access_token}}",
								"type": "text"
							}
						],
						"body": {
							"mode": "raw",
							"raw": "{\r\n    \"name\": \"Advanced Data Science\",\r\n    \"intro\": \"This course explores advanced topics in data science, including machine learning and AI.\"\r\n}",
							"options": {
								"raw": {
									"language": "json"
								}
							}
						},
						"url": {
							"raw": "{{base_url}}/course/5",
							"host": [
								"{{base_url}}"
							],
							"path": [
								"course",
								"5"
							]
						}
					},
					"response": []
				},
				{
					"name": "delete course",
					"request": {
						"method": "DELETE",
						"header": [
							{
								"key": "X-CSRF-Token",
								"value": "{{csrf_access_token}}",
								"type": "text"
							}
						],
						"url": {
							"raw": "{{base_url}}/course/5",
							"host": [
								"{{base_url}}"
							],
							"path": [
								"course",
								"5"
							]
						}
					},
					"response": []
				},
				{
					"name": "all courses",
					"request": {
						"method": "GET",
						"header": [
							{
								"key": "X-CSRF-Token",
								"value": "{{csrf_access_token}}",
								"type": "text"
							}
						],
						"url": {
							"raw": "{{base_url}}/course/all",
							"host": [
								"{{base_url}}"
							],
							"path": [
								"course",
								"all"
							]
						}
					},
					"response": []
				}
			]
		},
		{
			"name": "Week",
			"item": [
				{
					"name": "create week",
					"request": {
						"method": "POST",
						"header": [
							{
								"key": "X-CSRF-Token",
								"value": "{{csrf_access_token}}",
								"type": "text"
							}
						],
						"body": {
							"mode": "raw",
							"raw": "{\r\n    \"name\": \"Week 1 - Introduction\",\r\n    \"course_id\": 12\r\n}",
							"options": {
								"raw": {
									"language": "json"
								}
							}
						},
						"url": {
							"raw": "{{base_url}}/week/create",
							"host": [
								"{{base_url}}"
							],
							"path": [
								"week",
								"create"
							]
						}
					},
					"response": []
				},
				{
					"name": "update week",
					"request": {
						"method": "PUT",
						"header": [
							{
								"key": "X-CSRF-Token",
								"value": "{{csrf_access_token}}",
								"type": "text"
							}
						],
						"body": {
							"mode": "raw",
							"raw": "{\r\n    \"name\": \"Week 2 New Name\",\r\n    \"course_id\": 1\r\n}",
							"options": {
								"raw": {
									"language": "json"
								}
							}
						},
						"url": {
							"raw": "{{base_url}}/week/2",
							"host": [
								"{{base_url}}"
							],
							"path": [
								"week",
								"2"
							]
						}
					},
					"response": []
				},
				{
					"name": "delete week",
					"request": {
						"method": "DELETE",
						"header": [
							{
								"key": "X-CSRF-Token",
								"value": "{{csrf_access_token}}",
								"type": "text"
							}
						],
						"url": {
							"raw": "{{base_url}}/week/1",
							"host": [
								"{{base_url}}"
							],
							"path": [
								"week",
								"1"
							]
						}
					},
					"response": []
				},
				{
					"name": "get week",
					"request": {
						"method": "GET",
						"header": [
							{
								"key": "X-CSRF-Token",
								"value": "{{csrf_access_token}}",
								"type": "text"
							}
						],
						"url": {
							"raw": "{{base_url}}/week/13",
							"host": [
								"{{base_url}}"
							],
							"path": [
								"week",
								"13"
							]
						}
					},
					"response": []
				}
			]
		},
		{
			"name": "Assignments",
			"item": [
			  {
				"name": "Create MCQ Assignment",
				"request": {
				  "method": "POST",
				  "header": [
					{
					  "key": "X-CSRF-Token",
					  "value": "{{csrf_access_token}}",
					  "type": "text"
					}
				  ],
				  "body": {
					"mode": "raw",
					"raw": "{\n    \"title\": \"Sample MCQ Assignment\",\n    \"description\": \"This is a sample MCQ quiz with basic math questions.\",\n    \"week_id\": 1,\n    \"questions\": [\n        {\n            \"text\": \"What is 2 + 2?\",\n            \"options\": [\n                {\"text\": \"3\"},\n                {\"text\": \"4\"},\n                {\"text\": \"5\"}\n            ],\n            \"correct_option\": \"4\"\n        },\n        {\n            \"text\": \"What is 5 * 6?\",\n            \"options\": [\n                {\"text\": \"30\"},\n                {\"text\": \"25\"},\n                {\"text\": \"35\"}\n            ],\n            \"correct_option\": \"30\"\n        },\n        {\n            \"text\": \"What is 10 / 2?\",\n            \"options\": [\n                {\"text\": \"4\"},\n                {\"text\": \"5\"},\n                {\"text\": \"6\"}\n            ],\n            \"correct_option\": \"5\"\n        }\n    ]\n}",
					"options": {
					  "raw": {
						"language": "json"
					  }
					}
				  },
				  "url": {
					"raw": "{{base_url}}/assignment/mcq",
					"host": ["{{base_url}}"],
					"path": ["assignment", "mcq"]
				  }
				}
			  },
			  {
				"name": "Update MCQ Assignment",
				"request": {
				  "method": "PUT",
				  "header": [
					{
					  "key": "X-CSRF-Token",
					  "value": "{{csrf_access_token}}",
					  "type": "text"
					}
				  ],
				  "body": {
					"mode": "raw",
					"raw": "{\n    \"title\": \"Updated MCQ Assignment 1\",\n    \"description\": \"Updated basic math quiz\"\n}",
					"options": {
					  "raw": {
						"language": "json"
					  }
					}
				  },
				  "url": {
					"raw": "{{base_url}}/assignment/mcq/1",
					"host": ["{{base_url}}"],
					"path": ["assignment", "mcq", "1"]
				  }
				}
			  },
			  {
				"name": "Delete MCQ Assignment",
				"request": {
				  "method": "DELETE",
				  "header": [
					{
					  "key": "X-CSRF-Token",
					  "value": "{{csrf_access_token}}",
					  "type": "text"
					}
				  ],
				  "url": {
					"raw": "{{base_url}}/assignment/mcq/1",
					"host": ["{{base_url}}"],
					"path": ["assignment", "mcq", "1"]
				  }
				}
			  },
			  {
				"name": "Get MCQ Assignment",
				"request": {
				  "method": "GET",
				  "header": [],
				  "url": {
					"raw": "{{base_url}}/assignment/mcq/1",
					"host": ["{{base_url}}"],
					"path": ["assignment", "mcq", "1"]
				  }
				}
			  },
			  {
				"name": "Get All MCQ Assignments",
				"request": {
				  "method": "GET",
				  "header": [],
				  "url": {
					"raw": "{{base_url}}/assignment/mcq",
					"host": ["{{base_url}}"],
					"path": ["assignment", "mcq"]
				  }
				}
			  },
			  {
				"name": "Create Programming Assignment",
				"request": {
				  "method": "POST",
				  "header": [
					{
					  "key": "X-CSRF-Token",
					  "value": "{{csrf_access_token}}",
					  "type": "text"
					}
				  ],
				  "body": {
					"mode": "raw",
					"raw": "{\n    \"title\": \"Programming Assignment 1\",\n    \"description\": \"Write a program to add two numbers.\",\n    \"week_id\": 1,\n    \"test_cases\": [\n        {\"input\": \"2 3\", \"expected_output\": \"5\"},\n        {\"input\": \"10 20\", \"expected_output\": \"30\"}\n    ]\n}",
					"options": {
					  "raw": {
						"language": "json"
					  }
					}
				  },
				  "url": {
					"raw": "{{base_url}}/assignment/programming",
					"host": ["{{base_url}}"],
					"path": ["assignment", "programming"]
				  }
				}
			  },
			  {
				"name": "Update Programming Assignment",
				"request": {
				  "method": "PUT",
				  "header": [
					{
					  "key": "X-CSRF-Token",
					  "value": "{{csrf_access_token}}",
					  "type": "text"
					}
				  ],
				  "body": {
					"mode": "raw",
					"raw": "{\n    \"title\": \"Updated Programming Assignment 1\",\n    \"description\": \"Updated: Write a program to add two numbers.\"\n}",
					"options": {
					  "raw": {
						"language": "json"
					  }
					}
				  },
				  "url": {
					"raw": "{{base_url}}/assignment/programming/1",
					"host": ["{{base_url}}"],
					"path": ["assignment", "programming", "1"]
				  }
				}
			  },
			  {
				"name": "Delete Programming Assignment",
				"request": {
				  "method": "DELETE",
				  "header": [
					{
					  "key": "X-CSRF-Token",
					  "value": "{{csrf_access_token}}",
					  "type": "text"
					}
				  ],
				  "url": {
					"raw": "{{base_url}}/assignment/programming/1",
					"host": ["{{base_url}}"],
					"path": ["assignment", "programming", "1"]
				  }
				}
			  },
			  {
				"name": "Get Programming Assignment",
				"request": {
				  "method": "GET",
				  "header": [],
				  "url": {
					"raw": "{{base_url}}/assignment/programming/1",
					"host": ["{{base_url}}"],
					"path": ["assignment", "programming", "1"]
				  }
				}
			  },
			  {
				"name": "Get All Programming Assignments",
				"request": {
				  "method": "GET",
				  "header": [],
				  "url": {
					"raw": "{{base_url}}/assignment/programming",
					"host": ["{{base_url}}"],
					"path": ["assignment", "programming"]
				  }
				}
			  },
			  {
				"name": "Submit MCQ Answer",
				"request": {
				  "method": "POST",
				  "header": [
					{
					  "key": "X-CSRF-Token",
					  "value": "{{csrf_access_token}}",
					  "type": "text"
					}
				  ],
				  "body": {
					"mode": "raw",
					"raw": "{\n    \"assignment_id\": 1,\n    \"answers\": {\n        \"1\": \"8\",\n        \"2\": \"variable_name\"\n    }\n}",
					"options": {
					  "raw": {
						"language": "json"
					  }
					}
				  },
				  "url": {
					"raw": "{{base_url}}/assignment/submit/mcq",
					"host": ["{{base_url}}"],
					"path": ["assignment", "submit", "mcq"]
				  }
				}
			  },
			  {
				"name": "Submit Programming Solution",
				"request": {
				  "method": "POST",
				  "header": [
					{
					  "key": "X-CSRF-Token",
					  "value": "{{csrf_access_token}}",
					  "type": "text"
					}
				  ],
				  "body": {
					"mode": "raw",
					"raw": "{\n    \"assignment_id\": 2,\n    \"code\": \"print(sum(map(int, input().split())))\"\n}",
					"options": {
					  "raw": {
						"language": "json"
					  }
					}
				  },
				  "url": {
					"raw": "{{base_url}}/assignment/submit/programming",
					"host": ["{{base_url}}"],
					"path": ["assignment", "submit", "programming"]
				  }
				}
			  },
			  {
				"name": "Get User's MCQ Scores",
				"request": {
				  "method": "GET",
				  "header": [],
				  "url": {
					"raw": "{{base_url}}/assignment/submit/mcq",
					"host": ["{{base_url}}"],
					"path": ["assignment", "submit", "mcq"]
				  }
				}
			  },
			  {
				"name": "Get User's MCQ Score for Specific Assignment",
				"request": {
				  "method": "GET",
				  "header": [],
				  "url": {
					"raw": "{{base_url}}/assignment/submit/mcq/1",
					"host": ["{{base_url}}"],
					"path": ["assignment", "submit", "mcq", "1"]
				  }
				}
			  },
			  {
				"name": "Get User's Programming Scores",
				"request": {
				  "method": "GET",
				  "header": [],
				  "url": {
					"raw": "{{base_url}}/assignment/submit/programming",
					"host": ["{{base_url}}"],
					"path": ["assignment", "submit", "programming"]
				  }
				}
			  },
			  {
				"name": "Get User's Programming Score for Specific Assignment",
				"request": {
				  "method": "GET",
				  "header": [],
				  "url": {
					"raw": "{{base_url}}/assignment/submit/programming/1",
					"host": ["{{base_url}}"],
					"path": ["assignment", "submit", "programming", "1"]
				  }
				}
			  }
			]
		  },		
		{
			"name": "Lecture",
			"item": [
				{
					"name": "get lecture",
					"request": {
						"method": "GET",
						"header": [],
						"url": {
							"raw": "{{base_url}}/lecture/10",
							"host": [
								"{{base_url}}"
							],
							"path": [
								"lecture",
								"10"
							]
						}
					},
					"response": []
				},
				{
					"name": "create lecture",
					"request": {
						"method": "POST",
						"header": [
							{
								"key": "X-CSRF-Token",
								"value": "{{csrf_access_token}}",
								"type": "text"
							}
						],
						"body": {
							"mode": "raw",
							"raw": "{\r\n    \"name\":\"New Lecture x\",\r\n    \"week_id\":13,\r\n    \"link\":\"https://youtu.be/81BaOIrfvJA\"\r\n}",
							"options": {
								"raw": {
									"language": "json"
								}
							}
						},
						"url": {
							"raw": "{{base_url}}/lecture/create",
							"host": [
								"{{base_url}}"
							],
							"path": [
								"lecture",
								"create"
							]
						}
					},
					"response": []
				},
				{
					"name": "update lecture",
					"request": {
						"method": "PUT",
						"header": [
							{
								"key": "X-CSRF-Token",
								"value": "{{csrf_access_token}}",
								"type": "text"
							}
						],
						"body": {
							"mode": "raw",
							"raw": "{\r\n    \"name\":\"New Lecture x v2\",\r\n    \"week_id\":13,\r\n    \"link\":\"https://youtu.be/81BaOIrfvJA\"\r\n}",
							"options": {
								"raw": {
									"language": "json"
								}
							}
						},
						"url": {
							"raw": "{{base_url}}/lecture/93",
							"host": [
								"{{base_url}}"
							],
							"path": [
								"lecture",
								"93"
							]
						}
					},
					"response": []
				},
				{
					"name": "delete week",
					"request": {
						"method": "DELETE",
						"header": [
							{
								"key": "X-CSRF-Token",
								"value": "{{csrf_access_token}}",
								"type": "text"
							}
						],
						"url": {
							"raw": "{{base_url}}/lecture/93",
							"host": [
								"{{base_url}}"
							],
							"path": [
								"lecture",
								"93"
							]
						}
					},
					"response": []
				}
			]
		}
	],
	"event": [
		{
			"listen": "prerequest",
			"script": {
				"type": "text/javascript",
				"packages": {},
				"exec": [
					""
				]
			}
		},
		{
			"listen": "test",
			"script": {
				"type": "text/javascript",
				"packages": {},
				"exec": [
					""
				]
			}
		}
	],
	"variable": [
		{
			"key": "base_url",
			"value": "http://127.0.0.1:5000",
			"type": "string"
		},
		{
			"key": "csrf_access_token",
			"value": ""
		},
		{
			"key": "csrf_refresh_token",
			"value": ""
		}
	]
}